id,1,2,3,4,5
p1,keyword,word,sentence,keyword2,temporal
p2,keyword,keyword2,sentence,word,temporal
p3,keyword,word,sentence,temporal,keyword2
p4,keyword,word,temporal,keyword2,sentence
p5,keyword,word,sentence,keyword2,temporal
p6,keyword,word,sentence,temporal,keyword2
p7,keyword2,word,keyword,sentence,temporal
p9,keyword,word,keyword2,temporal,sentence
p8,keyword,word,sentence,keyword2,temporal
p10,keyword,sentence,temporal,word,keyword2
p11,temporal,keyword,sentence,word,keyword2
p12,sentence,keyword,keyword2,temporal,word
p13,keyword,sentence,temporal,keyword2,word
p14,word,keyword,sentence,keyword2,temporal
p15,keyword,word,keyword2,temporal,sentence
