measure,condition_type,test,statistic,value,df1,df2,p,effect_size,effect_size_type,comparison
Word Search Time,all,Post-hoc (Bonferroni),t,3.9222,,,0.0153,1.333,Hedges' g,temporal vs keyword
Word Search Time,all,Post-hoc (Bonferroni),t,-2.4343,,,0.2891,-0.7601,Hedges' g,temporal vs keyword2
Word Search Time,all,Post-hoc (Bonferroni),t,-0.7585,,,1.0,-0.2547,Hedges' g,temporal vs sentence
Word Search Time,all,Post-hoc (Bonferroni),t,4.2991,,,0.0073,1.297,Hedges' g,temporal vs word
Word Search Time,all,Post-hoc (Bonferroni),t,-6.2639,,,0.0002,-2.4485,Hedges' g,keyword vs keyword2
Word Search Time,all,Post-hoc (Bonferroni),t,-4.0539,,,0.0118,-1.5173,Hedges' g,keyword vs sentence
Word Search Time,all,Post-hoc (Bonferroni),t,-0.683,,,1.0,-0.151,Hedges' g,keyword vs word
Word Search Time,all,Post-hoc (Bonferroni),t,1.5261,,,1.0,0.417,Hedges' g,keyword2 vs sentence
Word Search Time,all,Post-hoc (Bonferroni),t,6.9724,,,0.0001,2.5441,Hedges' g,keyword2 vs word
Word Search Time,all,Post-hoc (Bonferroni),t,3.9058,,,0.0158,1.4888,Hedges' g,sentence vs word
Word Search Time,long,Post-hoc (Bonferroni),t,0.7289,,,1.0,0.1911,Hedges' g,temporal vs keyword
Word Search Time,long,Post-hoc (Bonferroni),t,-2.4094,,,0.3032,-0.775,Hedges' g,temporal vs keyword2
Word Search Time,long,Post-hoc (Bonferroni),t,-1.4016,,,1.0,-0.465,Hedges' g,temporal vs sentence
Word Search Time,long,Post-hoc (Bonferroni),t,0.9957,,,1.0,0.2988,Hedges' g,temporal vs word
Word Search Time,long,Post-hoc (Bonferroni),t,-3.9736,,,0.0139,-0.9787,Hedges' g,keyword vs keyword2
Word Search Time,long,Post-hoc (Bonferroni),t,-1.942,,,0.7253,-0.676,Hedges' g,keyword vs sentence
Word Search Time,long,Post-hoc (Bonferroni),t,0.5551,,,1.0,0.1113,Hedges' g,keyword vs word
Word Search Time,long,Post-hoc (Bonferroni),t,1.0001,,,1.0,0.3497,Hedges' g,keyword2 vs sentence
Word Search Time,long,Post-hoc (Bonferroni),t,4.0629,,,0.0116,1.0809,Hedges' g,keyword2 vs word
Word Search Time,long,Post-hoc (Bonferroni),t,2.1505,,,0.4947,0.7862,Hedges' g,sentence vs word
Word Search Time,short,Post-hoc (Bonferroni),t,4.6507,,,0.0037,1.622,Hedges' g,temporal vs keyword
Word Search Time,short,Post-hoc (Bonferroni),t,-0.1745,,,1.0,-0.0534,Hedges' g,temporal vs keyword2
Word Search Time,short,Post-hoc (Bonferroni),t,0.1658,,,1.0,0.0646,Hedges' g,temporal vs sentence
Word Search Time,short,Post-hoc (Bonferroni),t,3.7767,,,0.0204,1.2514,Hedges' g,temporal vs word
Word Search Time,short,Post-hoc (Bonferroni),t,-3.6294,,,0.0273,-1.42,Hedges' g,keyword vs keyword2
Word Search Time,short,Post-hoc (Bonferroni),t,-3.9812,,,0.0137,-1.5487,Hedges' g,keyword vs sentence
Word Search Time,short,Post-hoc (Bonferroni),t,-1.6819,,,1.0,-0.454,Hedges' g,keyword vs word
Word Search Time,short,Post-hoc (Bonferroni),t,0.3878,,,1.0,0.1113,Hedges' g,keyword2 vs sentence
Word Search Time,short,Post-hoc (Bonferroni),t,2.9003,,,0.1164,1.1273,Hedges' g,keyword2 vs word
Word Search Time,short,Post-hoc (Bonferroni),t,3.0839,,,0.0809,1.1796,Hedges' g,sentence vs word
Search Accuracy,all,Post-hoc (Bonferroni),t,-1.7838,,,0.9614,-0.6801,Hedges' g,temporal vs keyword
Search Accuracy,all,Post-hoc (Bonferroni),t,1.8353,,,0.8779,0.5278,Hedges' g,temporal vs keyword2
Search Accuracy,all,Post-hoc (Bonferroni),t,-0.0,,,1.0,-0.0,Hedges' g,temporal vs sentence
Search Accuracy,all,Post-hoc (Bonferroni),t,-2.7027,,,0.1717,-0.8974,Hedges' g,temporal vs word
Search Accuracy,all,Post-hoc (Bonferroni),t,4.054,,,0.0118,1.3461,Hedges' g,keyword vs keyword2
Search Accuracy,all,Post-hoc (Bonferroni),t,2.0917,,,0.5518,0.6549,Hedges' g,keyword vs sentence
Search Accuracy,all,Post-hoc (Bonferroni),t,-1.0,,,1.0,-0.1769,Hedges' g,keyword vs word
Search Accuracy,all,Post-hoc (Bonferroni),t,-1.5865,,,1.0,-0.5093,Hedges' g,keyword2 vs sentence
Search Accuracy,all,Post-hoc (Bonferroni),t,-5.2915,,,0.0011,-1.6815,Hedges' g,keyword2 vs word
Search Accuracy,all,Post-hoc (Bonferroni),t,-2.7027,,,0.1717,-0.8576,Hedges' g,sentence vs word
Search Accuracy,short,Post-hoc (Bonferroni),t,-2.8062,,,0.1401,-0.9641,Hedges' g,temporal vs keyword
Search Accuracy,short,Post-hoc (Bonferroni),t,0.5887,,,1.0,0.1823,Hedges' g,temporal vs keyword2
Search Accuracy,short,Post-hoc (Bonferroni),t,-0.3504,,,1.0,-0.1388,Hedges' g,temporal vs sentence
Search Accuracy,short,Post-hoc (Bonferroni),t,-2.4773,,,0.2661,-0.8254,Hedges' g,temporal vs word
Search Accuracy,short,Post-hoc (Bonferroni),t,2.828,,,0.1342,1.0638,Hedges' g,keyword vs keyword2
Search Accuracy,short,Post-hoc (Bonferroni),t,2.842,,,0.1305,1.1112,Hedges' g,keyword vs sentence
Search Accuracy,short,Post-hoc (Bonferroni),t,1.0,,,1.0,0.2102,Hedges' g,keyword vs word
Search Accuracy,short,Post-hoc (Bonferroni),t,-1.1964,,,1.0,-0.3304,Hedges' g,keyword2 vs sentence
Search Accuracy,short,Post-hoc (Bonferroni),t,-2.544,,,0.2339,-0.9443,Hedges' g,keyword2 vs word
Search Accuracy,short,Post-hoc (Bonferroni),t,-2.4758,,,0.2668,-0.8984,Hedges' g,sentence vs word
Preference Order,all,"Post-hoc (Wilcoxon, Bonferroni)",W,11.0,,,0.0394,,,keyword vs word
Preference Order,all,"Post-hoc (Wilcoxon, Bonferroni)",W,3.5,,,0.0112,,,keyword vs sentence
Preference Order,all,"Post-hoc (Wilcoxon, Bonferroni)",W,4.5,,,0.0145,,,keyword vs keyword2
Preference Order,all,"Post-hoc (Wilcoxon, Bonferroni)",W,1.0,,,0.0071,,,keyword vs temporal
Preference Order,all,"Post-hoc (Wilcoxon, Bonferroni)",W,44.5,,,3.7184,,,word vs sentence
Preference Order,all,"Post-hoc (Wilcoxon, Bonferroni)",W,26.0,,,0.4993,,,word vs keyword2
Preference Order,all,"Post-hoc (Wilcoxon, Bonferroni)",W,24.0,,,0.3887,,,word vs temporal
Preference Order,all,"Post-hoc (Wilcoxon, Bonferroni)",W,41.5,,,2.8427,,,sentence vs keyword2
Preference Order,all,"Post-hoc (Wilcoxon, Bonferroni)",W,30.0,,,0.8121,,,sentence vs temporal
Preference Order,all,"Post-hoc (Wilcoxon, Bonferroni)",W,50.5,,,5.7184,,,keyword2 vs temporal
Usability (SUS),all,Post-hoc (Bonferroni),t,-2.9962,,,0.0962,-0.831,Hedges' g,temporal vs Keyword
Usability (SUS),all,Post-hoc (Bonferroni),t,1.4641,,,1.0,0.3466,Hedges' g,temporal vs Keyword2
Usability (SUS),all,Post-hoc (Bonferroni),t,-1.1546,,,1.0,-0.2165,Hedges' g,temporal vs Sentence
Usability (SUS),all,Post-hoc (Bonferroni),t,-2.8758,,,0.1221,-0.6825,Hedges' g,temporal vs Word
Usability (SUS),all,Post-hoc (Bonferroni),t,3.7255,,,0.0226,1.1426,Hedges' g,Keyword vs Keyword2
Usability (SUS),all,Post-hoc (Bonferroni),t,1.858,,,0.8432,0.5207,Hedges' g,Keyword vs Sentence
Usability (SUS),all,Post-hoc (Bonferroni),t,0.8052,,,1.0,0.2367,Hedges' g,Keyword vs Word
Usability (SUS),all,Post-hoc (Bonferroni),t,-2.2603,,,0.4027,-0.5309,Hedges' g,Keyword2 vs Sentence
Usability (SUS),all,Post-hoc (Bonferroni),t,-3.2467,,,0.0585,-1.0176,Hedges' g,Keyword2 vs Word
Usability (SUS),all,Post-hoc (Bonferroni),t,-1.2792,,,1.0,-0.3698,Hedges' g,Sentence vs Word
Task Load (NASA-TLX Overall),all,Post-hoc (Bonferroni),t,2.7404,,,0.1594,0.7352,Hedges' g,temporal vs Keyword
Task Load (NASA-TLX Overall),all,Post-hoc (Bonferroni),t,-0.6834,,,1.0,-0.159,Hedges' g,temporal vs Keyword2
Task Load (NASA-TLX Overall),all,Post-hoc (Bonferroni),t,0.8538,,,1.0,0.1516,Hedges' g,temporal vs Sentence
Task Load (NASA-TLX Overall),all,Post-hoc (Bonferroni),t,2.0279,,,0.6205,0.4387,Hedges' g,temporal vs Word
Task Load (NASA-TLX Overall),all,Post-hoc (Bonferroni),t,-4.2995,,,0.0073,-0.9329,Hedges' g,Keyword vs Keyword2
Task Load (NASA-TLX Overall),all,Post-hoc (Bonferroni),t,-1.9182,,,0.7571,-0.5266,Hedges' g,Keyword vs Sentence
Task Load (NASA-TLX Overall),all,Post-hoc (Bonferroni),t,-1.4391,,,1.0,-0.2813,Hedges' g,Keyword vs Word
Task Load (NASA-TLX Overall),all,Post-hoc (Bonferroni),t,1.6042,,,1.0,0.3041,Hedges' g,Keyword2 vs Sentence
Task Load (NASA-TLX Overall),all,Post-hoc (Bonferroni),t,4.6227,,,0.004,0.616,Hedges' g,Keyword2 vs Word
Task Load (NASA-TLX Overall),all,Post-hoc (Bonferroni),t,1.2296,,,1.0,0.2573,Hedges' g,Sentence vs Word
Task Load (Mental Demand),all,Post-hoc (Bonferroni),t,3.833,,,0.0183,0.7971,Hedges' g,temporal vs Keyword
Task Load (Mental Demand),all,Post-hoc (Bonferroni),t,0.2314,,,1.0,0.0781,Hedges' g,temporal vs Keyword2
Task Load (Mental Demand),all,Post-hoc (Bonferroni),t,1.1034,,,1.0,0.2461,Hedges' g,temporal vs Sentence
Task Load (Mental Demand),all,Post-hoc (Bonferroni),t,2.4318,,,0.2904,0.6057,Hedges' g,temporal vs Word
Task Load (Mental Demand),all,Post-hoc (Bonferroni),t,-2.2834,,,0.3854,-0.6326,Hedges' g,Keyword vs Keyword2
Task Load (Mental Demand),all,Post-hoc (Bonferroni),t,-2.101,,,0.5423,-0.5061,Hedges' g,Keyword vs Sentence
Task Load (Mental Demand),all,Post-hoc (Bonferroni),t,-0.9597,,,1.0,-0.2042,Hedges' g,Keyword vs Word
Task Load (Mental Demand),all,Post-hoc (Bonferroni),t,0.5898,,,1.0,0.1462,Hedges' g,Keyword2 vs Sentence
Task Load (Mental Demand),all,Post-hoc (Bonferroni),t,2.1754,,,0.4722,0.4575,Hedges' g,Keyword2 vs Word
Task Load (Mental Demand),all,Post-hoc (Bonferroni),t,2.2563,,,0.4057,0.3198,Hedges' g,Sentence vs Word
Task Load (Performance),all,Post-hoc (Bonferroni),t,-3.1056,,,0.0775,-1.0673,Hedges' g,temporal vs Keyword
Task Load (Performance),all,Post-hoc (Bonferroni),t,0.151,,,1.0,0.0538,Hedges' g,temporal vs Keyword2
Task Load (Performance),all,Post-hoc (Bonferroni),t,-0.4942,,,1.0,-0.1205,Hedges' g,temporal vs Sentence
Task Load (Performance),all,Post-hoc (Bonferroni),t,-2.7792,,,0.1477,-0.8669,Hedges' g,temporal vs Word
Task Load (Performance),all,Post-hoc (Bonferroni),t,4.0,,,0.0132,1.3327,Hedges' g,Keyword vs Keyword2
Task Load (Performance),all,Post-hoc (Bonferroni),t,2.306,,,0.3693,0.7154,Hedges' g,Keyword vs Sentence
Task Load (Performance),all,Post-hoc (Bonferroni),t,0.7638,,,1.0,0.2019,Hedges' g,Keyword vs Word
Task Load (Performance),all,Post-hoc (Bonferroni),t,-0.6538,,,1.0,-0.174,Hedges' g,Keyword2 vs Sentence
Task Load (Performance),all,Post-hoc (Bonferroni),t,-3.5229,,,0.0338,-1.0773,Hedges' g,Keyword2 vs Word
Task Load (Performance),all,Post-hoc (Bonferroni),t,-2.101,,,0.5423,-0.5679,Hedges' g,Sentence vs Word
Task Load (Effort),all,Post-hoc (Bonferroni),t,4.1796,,,0.0093,1.1989,Hedges' g,temporal vs Keyword
Task Load (Effort),all,Post-hoc (Bonferroni),t,0.0,,,1.0,0.0,Hedges' g,temporal vs Keyword2
Task Load (Effort),all,Post-hoc (Bonferroni),t,1.9757,,,0.6824,0.4534,Hedges' g,temporal vs Sentence
Task Load (Effort),all,Post-hoc (Bonferroni),t,3.8258,,,0.0185,0.9536,Hedges' g,temporal vs Word
Task Load (Effort),all,Post-hoc (Bonferroni),t,-5.6108,,,0.0006,-1.2751,Hedges' g,Keyword vs Keyword2
Task Load (Effort),all,Post-hoc (Bonferroni),t,-3.2631,,,0.0566,-0.7329,Hedges' g,Keyword vs Sentence
Task Load (Effort),all,Post-hoc (Bonferroni),t,-1.0654,,,1.0,-0.2457,Hedges' g,Keyword vs Word
Task Load (Effort),all,Post-hoc (Bonferroni),t,2.5825,,,0.217,0.4821,Hedges' g,Keyword2 vs Sentence
Task Load (Effort),all,Post-hoc (Bonferroni),t,5.6019,,,0.0007,1.0147,Hedges' g,Keyword2 vs Word
Task Load (Effort),all,Post-hoc (Bonferroni),t,2.5668,,,0.2238,0.49,Hedges' g,Sentence vs Word
